AppVersion,Count,Percentage
4.18.1807.18075,5716,57.16
4.18.1806.18062,973,9.73
4.12.16299.15,438,4.38
4.10.209.0,303,3.0300000000000002
4.13.17134.1,282,2.82
4.16.17656.18052,273,2.73
4.9.10586.1106,243,2.4299999999999997
4.13.17134.228,240,2.4
4.8.10240.17443,237,2.37
4.14.17639.18041,224,2.2399999999999998
4.12.17007.18022,147,1.47
4.9.10586.0,123,1.23
4.11.15063.447,100,1.0
4.10.14393.0,89,0.89
4.12.17007.18011,71,0.7100000000000001
4.11.15063.0,68,0.6799999999999999
4.14.17613.18039,54,0.54
4.10.14393.1794,46,0.45999999999999996
4.11.15063.1155,39,0.38999999999999996
4.8.10240.16384,38,0.38
4.10.14393.1198,37,0.37
4.9.10586.494,24,0.24
4.18.1809.2,23,0.22999999999999998
4.10.14393.1613,22,0.22
4.9.10586.672,20,0.2
4.13.17134.191,15,0.15
4.9.10586.1045,14,0.13999999999999999
4.9.10586.589,13,0.13
4.13.17134.112,13,0.13
4.12.17007.17123,13,0.13
4.10.14393.953,10,0.1
4.10.14393.1066,9,0.09
4.10.14393.1593,8,0.08
4.9.10586.965,7,0.06999999999999999
4.9.10586.916,6,0.06
4.8.207.0,6,0.06
4.8.10240.17946,5,0.05
4.9.10586.962,5,0.05
4.9.10586.873,4,0.04
4.8.204.0,4,0.04
4.9.10586.839,4,0.04
4.9.218.0,3,0.03
4.13.17134.319,3,0.03
4.6.305.0,3,0.03
4.10.14393.2273,2,0.02
4.5.218.0,2,0.02
4.8.10240.17146,2,0.02
4.8.10240.17202,2,0.02
4.4.304.0,2,0.02
4.8.10240.17797,1,0.01
4.14.17613.18038,1,0.01
4.10.205.0,1,0.01
4.5.216.0,1,0.01
4.8.10240.17184,1,0.01
4.10.14393.2248,1,0.01
4.18.1807.20063,1,0.01
4.11.15063.994,1,0.01
4.8.10240.17394,1,0.01
4.8.10240.17918,1,0.01
4.10.14393.2457,1,0.01
4.18.1806.20021,1,0.01
4.8.10240.17914,1,0.01
4.17.17685.20082,1,0.01
4.10.14393.726,1,0.01
