AVProductsInstalled,Count,Percentage
1.0,6890,68.89999999999999
2.0,2803,28.03
3.0,243,2.4299999999999997
4.0,12,0.12
