Census_OSUILocaleIdentifier,Count,Percentage
31,3462,34.62
34,1239,12.389999999999999
125,615,6.15
30,580,5.800000000000001
49,474,4.74
158,471,4.71
35,412,4.12
119,362,3.62
26,293,2.93
160,233,2.33
72,203,2.03
148,199,1.9900000000000002
83,191,1.91
115,154,1.54
109,153,1.53
120,122,1.22
64,93,0.9299999999999999
74,92,0.9199999999999999
5,86,0.86
20,79,0.79
140,69,0.69
28,52,0.52
58,51,0.51
24,39,0.38999999999999996
105,33,0.33
44,30,0.3
128,27,0.27
11,25,0.25
151,25,0.25
130,23,0.22999999999999998
62,23,0.22999999999999998
90,16,0.16
123,15,0.15
145,14,0.13999999999999999
156,10,0.1
17,7,0.06999999999999999
48,6,0.06
136,5,0.05
159,5,0.05
38,3,0.03
68,3,0.03
92,2,0.02
32,1,0.01
42,1,0.01
80,1,0.01
54,1,0.01
