Census_ChassisTypeName,Count,Percentage
Notebook,5844,58.440000000000005
Desktop,2123,21.23
Laptop,771,7.71
Portable,392,3.92
AllinOne,241,2.41
Convertible,96,0.96
Other,94,0.9400000000000001
MiniTower,90,0.8999999999999999
UNKNOWN,87,0.8699999999999999
Detachable,62,0.62
HandHeld,48,0.48
LowProfileDesktop,39,0.38999999999999996
SpaceSaving,38,0.38
Tower,20,0.2
Tablet,16,0.16
Unknown,14,0.13999999999999999
MainServerChassis,14,0.13999999999999999
LunchBox,4,0.04
MiniPC,3,0.03
RackMountChassis,2,0.02
MultisystemChassis,1,0.01
SubNotebook,1,0.01
