Census_FlightRing,Count,Percentage
Retail,9371,93.71000000000001
NOT_SET,309,3.09
Unknown,275,2.75
WIF,15,0.15
RP,12,0.12
WIS,11,0.11
Disabled,7,0.06999999999999999
