Census_OSInstallLanguageIdentifier,Count,Percentage
8.0,3479,34.79
9.0,1237,12.370000000000001
29.0,604,6.04
7.0,581,5.81
14.0,470,4.7
37.0,462,4.62
10.0,394,3.94
26.0,358,3.58
5.0,292,2.92
39.0,231,2.31
18.0,203,2.03
35.0,196,1.96
20.0,190,1.9
25.0,153,1.53
24.0,152,1.52
27.0,122,1.22
19.0,92,0.9199999999999999
17.0,91,0.91
1.0,86,0.86
3.0,78,0.7799999999999999
33.0,68,0.6799999999999999
6.0,52,0.52
15.0,51,0.51
4.0,39,0.38999999999999996
23.0,33,0.33
12.0,30,0.3
30.0,28,0.27999999999999997
36.0,25,0.25
2.0,25,0.25
31.0,23,0.22999999999999998
16.0,23,0.22999999999999998
21.0,16,0.16
34.0,14,0.13999999999999999
28.0,14,0.13999999999999999
13.0,6,0.06
32.0,5,0.05
38.0,5,0.05
11.0,3,0.03
22.0,2,0.02
