Census_OSArchitecture,Count,Percentage
amd64,9088,90.88000000000001
x86,912,9.120000000000001
