Census_PrimaryDiskTypeName,Count,Percentage
HDD,6493,64.92999999999999
SSD,2740,27.400000000000002
UNKNOWN,428,4.279999999999999
Unspecified,324,3.2399999999999998
