Census_InternalPrimaryDisplayResolutionVertical,Count,Percentage
768.0,5576,55.76
1080.0,2371,23.71
900.0,743,7.430000000000001
800.0,288,2.88
1024.0,209,2.09
1050.0,143,1.43
1440.0,85,0.8500000000000001
1200.0,78,0.7799999999999999
1824.0,76,0.76
600.0,72,0.72
2160.0,59,0.59
720.0,45,0.44999999999999996
1280.0,34,0.33999999999999997
1800.0,29,0.29
1600.0,19,0.19
2000.0,14,0.13999999999999999
1504.0,11,0.11
1366.0,8,0.08
1920.0,7,0.06999999999999999
960.0,7,0.06999999999999999
480.0,7,0.06999999999999999
864.0,7,0.06999999999999999
2100.0,4,0.04
1536.0,4,0.04
1152.0,4,0.04
945.0,3,0.03
2880.0,3,0.03
2304.0,2,0.02
664.0,2,0.02
992.0,2,0.02
765.0,1,0.01
2400.0,1,0.01
1368.0,1,0.01
2736.0,1,0.01
2048.0,1,0.01
649.0,1,0.01
400.0,1,0.01
859.0,1,0.01
977.0,1,0.01
739.0,1,0.01
663.0,1,0.01
671.0,1,0.01
1494.0,1,0.01
1026.0,1,0.01
1000.0,1,0.01
790.0,1,0.01
724.0,1,0.01
967.0,1,0.01
673.0,1,0.01
514.0,1,0.01
889.0,1,0.01
781.0,1,0.01
1204.0,1,0.01
1008.0,1,0.01
1014.0,1,0.01
1588.0,1,0.01
2560.0,1,0.01
937.0,1,0.01
979.0,1,0.01
