Census_ActivationChannel,Count,Percentage
Retail,5317,53.169999999999995
OEM:DM,3822,38.22
Volume:GVLK,497,4.97
OEM:NONSLP,350,3.5000000000000004
Retail:TB:Eval,7,0.06999999999999999
Volume:MAK,7,0.06999999999999999
