Census_ProcessorClass,Count,Percentage
mid,17,0.16999999999999998
high,11,0.11
low,7,0.06999999999999999
