Census_ProcessorCoreCount,Count,Percentage
4.0,6106,61.06
2.0,2579,25.790000000000003
8.0,956,9.56
12.0,92,0.9199999999999999
1.0,82,0.8200000000000001
6.0,80,0.8
16.0,17,0.16999999999999998
3.0,17,0.16999999999999998
32.0,4,0.04
20.0,2,0.02
24.0,2,0.02
28.0,1,0.01
10.0,1,0.01
