Census_OSBuildNumber,Count,Percentage
17134,4413,44.13
16299,2828,28.28
14393,926,9.26
15063,851,8.51
10586,666,6.660000000000001
10240,288,2.88
17692,7,0.06999999999999999
17738,6,0.06
17744,5,0.05
17746,3,0.03
17763,2,0.02
17754,1,0.01
18234,1,0.01
17760,1,0.01
17661,1,0.01
17751,1,0.01
