Census_InternalPrimaryDisplayResolutionHorizontal,Count,Percentage
1366.0,5062,50.62
1920.0,2440,24.4
1600.0,571,5.71
1280.0,568,5.680000000000001
1024.0,382,3.82
1440.0,194,1.94
1360.0,152,1.52
1680.0,142,1.4200000000000002
2560.0,77,0.77
2736.0,76,0.76
3840.0,55,0.5499999999999999
800.0,36,0.36
2160.0,31,0.31
3200.0,21,0.21
3000.0,14,0.13999999999999999
2256.0,11,0.11
1368.0,11,0.11
768.0,10,0.1
2048.0,9,0.09
2880.0,8,0.08
640.0,8,0.08
1152.0,7,0.06999999999999999
3440.0,6,0.06
4096.0,5,0.05
1200.0,5,0.05
3360.0,4,0.04
1400.0,4,0.04
2304.0,2,0.02
1176.0,2,0.02
1916.0,2,0.02
1800.0,2,0.02
1080.0,2,0.02
1768.0,2,0.02
1824.0,2,0.02
5120.0,2,0.02
1364.0,1,0.01
1302.0,1,0.01
1303.0,1,0.01
1420.0,1,0.01
1536.0,1,0.01
1165.0,1,0.01
2574.0,1,0.01
2802.0,1,0.01
1776.0,1,0.01
980.0,1,0.01
685.0,1,0.01
2344.0,1,0.01
1804.0,1,0.01
1281.0,1,0.01
1716.0,1,0.01
3240.0,1,0.01
