Census_IsSecureBootEnabled,Count,Percentage
0,5113,51.129999999999995
1,4887,48.870000000000005
