Census_IsPortableOperatingSystem,Count,Percentage
0,9993,99.92999999999999
1,7,0.06999999999999999
