DefaultBrowsersIdentifier,Count,Percentage
239.0,54,0.54
3195.0,52,0.52
2064.0,23,0.22999999999999998
1160.0,22,0.22
3176.0,21,0.21
1632.0,21,0.21
1910.0,19,0.19
2725.0,16,0.16
146.0,16,0.16
1536.0,16,0.16
1727.0,14,0.13999999999999999
1623.0,13,0.13
1078.0,11,0.11
788.0,10,0.1
2273.0,10,0.1
773.0,9,0.09
1823.0,8,0.08
139.0,6,0.06
614.0,6,0.06
2388.0,6,0.06
1622.0,6,0.06
2290.0,6,0.06
1926.0,5,0.05
2434.0,5,0.05
890.0,5,0.05
1161.0,5,0.05
1616.0,5,0.05
1991.0,4,0.04
1628.0,4,0.04
2987.0,4,0.04
2726.0,3,0.03
597.0,3,0.03
2168.0,3,0.03
1351.0,3,0.03
508.0,3,0.03
549.0,3,0.03
2460.0,3,0.03
1079.0,2,0.02
1952.0,2,0.02
2182.0,2,0.02
1071.0,2,0.02
1240.0,2,0.02
2170.0,1,0.01
2113.0,1,0.01
3000.0,1,0.01
1258.0,1,0.01
1430.0,1,0.01
262.0,1,0.01
223.0,1,0.01
867.0,1,0.01
339.0,1,0.01
1352.0,1,0.01
2516.0,1,0.01
2129.0,1,0.01
430.0,1,0.01
3073.0,1,0.01
168.0,1,0.01
3087.0,1,0.01
1235.0,1,0.01
2421.0,1,0.01
408.0,1,0.01
994.0,1,0.01
2618.0,1,0.01
2847.0,1,0.01
1118.0,1,0.01
10.0,1,0.01
2418.0,1,0.01
2570.0,1,0.01
2636.0,1,0.01
965.0,1,0.01
620.0,1,0.01
311.0,1,0.01
2890.0,1,0.01
1909.0,1,0.01
355.0,1,0.01
2593.0,1,0.01
431.0,1,0.01
2724.0,1,0.01
2550.0,1,0.01
24.0,1,0.01
1550.0,1,0.01
1233.0,1,0.01
2468.0,1,0.01
645.0,1,0.01
191.0,1,0.01
2169.0,1,0.01
1950.0,1,0.01
2189.0,1,0.01
351.0,1,0.01
162.0,1,0.01
644.0,1,0.01
1870.0,1,0.01
2952.0,1,0.01
492.0,1,0.01
252.0,1,0.01
2272.0,1,0.01
