EngineVersion,Count,Percentage
1.1.15200.1,4359,43.59
1.1.15100.1,4077,40.77
1.1.15000.2,287,2.87
1.1.14901.4,231,2.31
1.1.14600.4,167,1.67
1.1.15300.6,147,1.47
1.1.14800.3,142,1.4200000000000002
1.1.14104.0,121,1.21
1.1.15300.5,79,0.79
1.1.13504.0,74,0.74
1.1.14500.5,58,0.58
1.1.14700.5,57,0.5700000000000001
1.1.14405.2,38,0.38
1.1.14306.0,30,0.3
1.1.14003.0,15,0.15
1.1.14202.0,14,0.13999999999999999
1.1.13903.0,12,0.12
1.1.13303.0,11,0.11
1.1.13804.0,11,0.11
1.1.13704.0,8,0.08
1.1.13407.0,7,0.06999999999999999
1.1.13103.0,7,0.06999999999999999
1.1.13601.0,7,0.06999999999999999
1.1.13701.0,6,0.06
1.1.13000.0,6,0.06
1.1.15000.1,5,0.05
1.1.14305.0,5,0.05
1.1.13202.0,4,0.04
1.1.12902.0,4,0.04
1.1.12805.0,4,0.04
1.1.14700.3,3,0.03
1.1.14700.4,2,0.02
1.1.14901.3,1,0.01
1.1.11701.0,1,0.01
