IeVerIdentifier,Count,Percentage
137.0,4274,42.74
117.0,2037,20.369999999999997
111.0,542,5.42
108.0,514,5.140000000000001
98.0,430,4.3
135.0,258,2.58
74.0,242,2.42
53.0,236,2.36
94.0,200,2.0
105.0,176,1.76
333.0,173,1.73
107.0,144,1.44
103.0,131,1.31
96.0,93,0.9299999999999999
76.0,59,0.59
71.0,51,0.51
323.0,34,0.33999999999999997
114.0,33,0.33
41.0,33,0.33
335.0,30,0.3
334.0,23,0.22999999999999998
87.0,16,0.16
302.0,16,0.16
82.0,15,0.15
73.0,14,0.13999999999999999
78.0,13,0.13
81.0,10,0.1
337.0,9,0.09
72.0,7,0.06999999999999999
84.0,7,0.06999999999999999
85.0,6,0.06
91.0,6,0.06
92.0,5,0.05
68.0,5,0.05
163.0,4,0.04
90.0,4,0.04
42.0,4,0.04
325.0,4,0.04
180.0,4,0.04
185.0,4,0.04
88.0,4,0.04
331.0,4,0.04
86.0,4,0.04
186.0,3,0.03
332.0,3,0.03
322.0,3,0.03
169.0,3,0.03
162.0,3,0.03
307.0,2,0.02
47.0,2,0.02
201.0,2,0.02
324.0,2,0.02
329.0,2,0.02
39.0,2,0.02
288.0,2,0.02
49.0,2,0.02
313.0,1,0.01
61.0,1,0.01
212.0,1,0.01
388.0,1,0.01
293.0,1,0.01
190.0,1,0.01
102.0,1,0.01
151.0,1,0.01
66.0,1,0.01
48.0,1,0.01
327.0,1,0.01
218.0,1,0.01
280.0,1,0.01
52.0,1,0.01
336.0,1,0.01
65.0,1,0.01
205.0,1,0.01
304.0,1,0.01
321.0,1,0.01
194.0,1,0.01
316.0,1,0.01
44.0,1,0.01
295.0,1,0.01
