OrganizationIdentifier,Count,Percentage
27.0,4655,46.550000000000004
18.0,2037,20.369999999999997
48.0,78,0.7799999999999999
50.0,54,0.54
11.0,28,0.27999999999999997
37.0,21,0.21
46.0,11,0.11
49.0,8,0.08
14.0,6,0.06
52.0,5,0.05
20.0,4,0.04
10.0,2,0.02
40.0,2,0.02
1.0,2,0.02
33.0,2,0.02
6.0,1,0.01
5.0,1,0.01
2.0,1,0.01
31.0,1,0.01
51.0,1,0.01
8.0,1,0.01
32.0,1,0.01
7.0,1,0.01
