OsBuild,Count,Percentage
17134,4304,43.04
16299,2894,28.939999999999998
14393,862,8.62
15063,835,8.35
10586,465,4.65
10240,289,2.8899999999999997
9600,225,2.25
7601,97,0.97
17692,7,0.06999999999999999
17738,4,0.04
17744,4,0.04
17713,3,0.03
17746,3,0.03
17760,2,0.02
17754,1,0.01
17763,1,0.01
18234,1,0.01
18219,1,0.01
17661,1,0.01
17751,1,0.01
