OsPlatformSubRelease,Count,Percentage
rs4,4304,43.04
rs3,2894,28.939999999999998
rs1,862,8.62
rs2,835,8.35
th2,465,4.65
th1,289,2.8899999999999997
windows8.1,225,2.25
windows7,97,0.97
prers5,29,0.29
