OsSuite,Count,Percentage
768,6296,62.96000000000001
256,3687,36.870000000000005
272,14,0.13999999999999999
16,2,0.02
400,1,0.01
