SkuEdition,Count,Percentage
Home,6246,62.46000000000001
Pro,3570,35.699999999999996
Invalid,81,0.8099999999999999
Education,43,0.43
Enterprise,29,0.29
Enterprise LTSB,19,0.19
Server,7,0.06999999999999999
Cloud,5,0.05
