SmartScreen,Count,Percentage
RequireAdmin,4885,48.85
ExistsNotSet,1163,11.63
Off,187,1.87
Warn,144,1.44
Prompt,41,0.41000000000000003
Block,23,0.22999999999999998
off,2,0.02
&#x01;,1,0.01
