Wdft_RegionIdentifier,Count,Percentage
10.0,2028,20.28
3.0,1517,15.17
11.0,1461,14.610000000000001
1.0,1345,13.450000000000001
15.0,1140,11.4
7.0,693,6.93
8.0,315,3.15
13.0,248,2.48
5.0,207,2.07
12.0,192,1.92
6.0,180,1.7999999999999998
4.0,149,1.49
9.0,88,0.88
2.0,84,0.84
14.0,2,0.02
