{
    "MachineIdentifier": 0.01,
    "ProductName": 99.00999999999999,
    "EngineVersion": 43.61,
    "AppVersion": 58.78,
    "AvSigVersion": 1.23,
    "IsBeta": 100.0,
    "RtpStateBitfield": 97.35099337748345,
    "IsSxsPassiveMode": 98.22,
    "DefaultBrowsersIdentifier": 10.59322033898305,
    "AVProductStatesIdentifier": 66.64994984954865,
    "AVProductsInstalled": 70.69207622868606,
    "AVProductsEnabled": 97.44232698094282,
    "HasTpm": 98.89,
    "CountryIdentifier": 4.31,
    "CityIdentifier": 1.1854008526567537,
    "OrganizationIdentifier": 67.72805507745267,
    "GeoNameIdentifier": 17.419999999999998,
    "LocaleEnglishNameIdentifier": 23.400000000000002,
    "Platform": 96.84,
    "Processor": 90.95,
    "OsVer": 96.98,
    "OsBuild": 44.68,
    "OsSuite": 61.23,
    "OsPlatformSubRelease": 44.68,
    "OsBuildLab": 41.71,
    "SkuEdition": 60.809999999999995,
    "IsProtected": 95.09528585757272,
    "AutoSampleOptIn": 100.0,
    "PuaMode": 100.0,
    "SMode": 99.95740602704717,
    "IeVerIdentifier": 44.55415617128464,
    "SmartScreen": 75.51594746716698,
    "Firewall": 97.70799676898223,
    "UacLuaenable": 99.35942348113302,
    "Census_MDC2FormFactor": 63.949999999999996,
    "Census_DeviceFamily": 99.86,
    "Census_OEMNameIdentifier": 14.440177849636216,
    "Census_OEMModelIdentifier": 3.6823469903894788,
    "Census_ProcessorCoreCount": 60.65689031739655,
    "Census_ProcessorManufacturerIdentifier": 88.18802732020892,
    "Census_ProcessorModelIdentifier": 3.173965447971073,
    "Census_ProcessorClass": 61.904761904761905,
    "Census_PrimaryDiskTotalCapacity": 31.958970233306516,
    "Census_PrimaryDiskTypeName": 64.51322115384616,
    "Census_SystemVolumeTotalCapacity": 0.6234915526950925,
    "Census_HasOpticalDiskDrive": 92.84,
    "Census_TotalPhysicalRAM": 45.5086798546629,
    "Census_ChassisTypeName": 58.51,
    "Census_InternalPrimaryDiagonalDisplaySizeInInches": 34.130653266331656,
    "Census_InternalPrimaryDisplayResolutionHorizontal": 50.51256281407035,
    "Census_InternalPrimaryDisplayResolutionVertical": 55.56783919597989,
    "Census_PowerPlatformRoleName": 68.73,
    "Census_InternalBatteryType": 78.50694444444444,
    "Census_InternalBatteryNumberOfCharges": 57.74909654104285,
    "Census_OSVersion": 15.740000000000002,
    "Census_OSArchitecture": 90.86999999999999,
    "Census_OSBranch": 45.6,
    "Census_OSBuildNumber": 45.6,
    "Census_OSBuildRevision": 15.740000000000002,
    "Census_OSEdition": 38.74,
    "Census_OSSkuName": 38.75,
    "Census_OSInstallTypeName": 29.880000000000003,
    "Census_OSInstallLanguageIdentifier": 35.66032033847083,
    "Census_OSUILocaleIdentifier": 35.410000000000004,
    "Census_OSWUAutoUpdateOptionsName": 44.67,
    "Census_IsPortableOperatingSystem": 99.89,
    "Census_GenuineStateName": 88.52,
    "Census_ActivationChannel": 52.900000000000006,
    "Census_IsFlightingInternal": 100.0,
    "Census_IsFlightsDisabled": 100.0,
    "Census_FlightRing": 93.64,
    "Census_ThresholdOptIn": 100.0,
    "Census_FirmwareManufacturerIdentifier": 32.02981417194201,
    "Census_FirmwareVersionIdentifier": 1.0596026490066226,
    "Census_IsSecureBootEnabled": 51.839999999999996,
    "Census_IsWIMBootEnabled": 100.0,
    "Census_IsVirtualDevice": 99.23870579985976,
    "Census_IsTouchEnabled": 88.09,
    "Census_IsPenCapable": 96.41999999999999,
    "Census_IsAlwaysOnAlwaysConnectedCapable": 94.34589800443459,
    "Wdft_IsGamer": 71.77793829326178,
    "Wdft_RegionIdentifier": 19.874109998968116,
    "HasDetections": 50.5
}