{
    "numerical": {
        "IsBeta": {
            "count": 10000.0,
            "mean": 0.0,
            "std": 0.0,
            "min": 0.0,
            "25%": 0.0,
            "50%": 0.0,
            "75%": 0.0,
            "max": 0.0
        },
        "RtpStateBitfield": {
            "count": 9966.0,
            "mean": 6.842364037728276,
            "std": 1.0342529998816474,
            "min": 0.0,
            "25%": 7.0,
            "50%": 7.0,
            "75%": 7.0,
            "max": 8.0
        },
        "IsSxsPassiveMode": {
            "count": 10000.0,
            "mean": 0.0178,
            "std": 0.1322305127073599,
            "min": 0.0,
            "25%": 0.0,
            "50%": 0.0,
            "75%": 0.0,
            "max": 1.0
        },
        "DefaultBrowsersIdentifier": {
            "count": 472.0,
            "mean": 1585.5762711864406,
            "std": 963.62421124488,
            "min": 10.0,
            "25%": 788.0,
            "50%": 1632.0,
            "75%": 2170.0,
            "max": 3195.0
        },
        "AVProductStatesIdentifier": {
            "count": 9970.0,
            "mean": 47816.19789368104,
            "std": 14070.304517608763,
            "min": 39.0,
            "25%": 49480.0,
            "50%": 53447.0,
            "75%": 53447.0,
            "max": 70262.0
        },
        "AVProductsInstalled": {
            "count": 9970.0,
            "mean": 1.316950852557673,
            "std": 0.5160125622320944,
            "min": 1.0,
            "25%": 1.0,
            "50%": 1.0,
            "75%": 2.0,
            "max": 5.0
        },
        "AVProductsEnabled": {
            "count": 9970.0,
            "mean": 1.0191574724172519,
            "std": 0.16314595841897558,
            "min": 0.0,
            "25%": 1.0,
            "50%": 1.0,
            "75%": 1.0,
            "max": 4.0
        },
        "HasTpm": {
            "count": 10000.0,
            "mean": 0.9889,
            "std": 0.10477541595611918,
            "min": 0.0,
            "25%": 1.0,
            "50%": 1.0,
            "75%": 1.0,
            "max": 1.0
        },
        "CountryIdentifier": {
            "count": 10000.0,
            "mean": 109.4875,
            "std": 62.980791530118125,
            "min": 1.0,
            "25%": 51.0,
            "50%": 97.0,
            "75%": 164.0,
            "max": 222.0
        },
        "CityIdentifier": {
            "count": 9617.0,
            "mean": 81116.63720494957,
            "std": 49074.62057282358,
            "min": 41.0,
            "25%": 36360.0,
            "50%": 82373.0,
            "75%": 124641.0,
            "max": 167886.0
        },
        "OrganizationIdentifier": {
            "count": 6972.0,
            "mean": 24.85671256454389,
            "std": 5.691840907153812,
            "min": 1.0,
            "25%": 18.0,
            "50%": 27.0,
            "75%": 27.0,
            "max": 52.0
        },
        "GeoNameIdentifier": {
            "count": 10000.0,
            "mean": 172.2881,
            "std": 88.38853065655857,
            "min": 1.0,
            "25%": 89.0,
            "50%": 191.5,
            "75%": 267.0,
            "max": 295.0
        },
        "LocaleEnglishNameIdentifier": {
            "count": 10000.0,
            "mean": 122.9918,
            "std": 69.33833076424101,
            "min": 2.0,
            "25%": 74.0,
            "50%": 88.0,
            "75%": 182.0,
            "max": 283.0
        },
        "OsBuild": {
            "count": 10000.0,
            "mean": 15745.965,
            "std": 2170.4631483170783,
            "min": 7601.0,
            "25%": 15063.0,
            "50%": 16299.0,
            "75%": 17134.0,
            "max": 17758.0
        },
        "OsSuite": {
            "count": 10000.0,
            "mean": 569.4944,
            "std": 249.48817527810564,
            "min": 16.0,
            "25%": 256.0,
            "50%": 768.0,
            "75%": 768.0,
            "max": 768.0
        },
        "IsProtected": {
            "count": 9970.0,
            "mean": 0.9509528585757272,
            "std": 0.21597730898902195,
            "min": 0.0,
            "25%": 1.0,
            "50%": 1.0,
            "75%": 1.0,
            "max": 1.0
        },
        "AutoSampleOptIn": {
            "count": 10000.0,
            "mean": 0.0,
            "std": 0.0,
            "min": 0.0,
            "25%": 0.0,
            "50%": 0.0,
            "75%": 0.0,
            "max": 0.0
        },
        "SMode": {
            "count": 9391.0,
            "mean": 0.00042593972952827174,
            "std": 0.020635010214380044,
            "min": 0.0,
            "25%": 0.0,
            "50%": 0.0,
            "75%": 0.0,
            "max": 1.0
        },
        "IeVerIdentifier": {
            "count": 9925.0,
            "mean": 126.28030226700253,
            "std": 41.6263806039149,
            "min": 41.0,
            "25%": 111.0,
            "50%": 135.0,
            "75%": 137.0,
            "max": 337.0
        },
        "Firewall": {
            "count": 9904.0,
            "mean": 0.9770799676898223,
            "std": 0.1496561586943733,
            "min": 0.0,
            "25%": 1.0,
            "50%": 1.0,
            "75%": 1.0,
            "max": 1.0
        },
        "UacLuaenable": {
            "count": 9991.0,
            "mean": 0.9935942348113302,
            "std": 0.0797832593421877,
            "min": 0.0,
            "25%": 1.0,
            "50%": 1.0,
            "75%": 1.0,
            "max": 1.0
        },
        "Census_OEMNameIdentifier": {
            "count": 9896.0,
            "mean": 2226.6488480194016,
            "std": 1321.7922266850899,
            "min": 74.0,
            "25%": 1443.0,
            "50%": 2102.0,
            "75%": 2668.0,
            "max": 5913.0
        },
        "Census_OEMModelIdentifier": {
            "count": 9885.0,
            "mean": 238885.11077389985,
            "std": 72906.4221784193,
            "min": 150.0,
            "25%": 189816.0,
            "50%": 247485.0,
            "75%": 305720.0,
            "max": 345356.0
        },
        "Census_ProcessorCoreCount": {
            "count": 9956.0,
            "mean": 4.0194857372438735,
            "std": 2.0121234705082847,
            "min": 1.0,
            "25%": 2.0,
            "50%": 4.0,
            "75%": 4.0,
            "max": 32.0
        },
        "Census_ProcessorManufacturerIdentifier": {
            "count": 9956.0,
            "mean": 4.529329047810366,
            "std": 1.292424161319059,
            "min": 1.0,
            "25%": 5.0,
            "50%": 5.0,
            "75%": 5.0,
            "max": 10.0
        },
        "Census_ProcessorModelIdentifier": {
            "count": 9956.0,
            "mean": 2373.448372840498,
            "std": 841.8138956464413,
            "min": 19.0,
            "25%": 1998.0,
            "50%": 2503.0,
            "75%": 2884.25,
            "max": 4425.0
        },
        "Census_PrimaryDiskTotalCapacity": {
            "count": 9944.0,
            "mean": 510857.71560740145,
            "std": 351176.19303594955,
            "min": 10680.0,
            "25%": 239372.0,
            "50%": 476940.0,
            "75%": 953869.0,
            "max": 3815447.0
        },
        "Census_SystemVolumeTotalCapacity": {
            "count": 9944.0,
            "mean": 376073.3930008045,
            "std": 321565.8653639364,
            "min": 10129.0,
            "25%": 120671.5,
            "50%": 246909.0,
            "75%": 475978.25,
            "max": 2860311.0
        },
        "Census_HasOpticalDiskDrive": {
            "count": 10000.0,
            "mean": 0.0716,
            "std": 0.2578373285790986,
            "min": 0.0,
            "25%": 0.0,
            "50%": 0.0,
            "75%": 0.0,
            "max": 1.0
        },
        "Census_TotalPhysicalRAM": {
            "count": 9908.0,