LocaleEnglishNameIdentifier,Count,Percentage
75,2340,23.400000000000002
182,533,5.33
74,469,4.6899999999999995
42,444,4.44
88,408,4.08
233,393,3.93
227,357,3.5700000000000003
171,342,3.42
124,235,2.35
134,227,2.27
251,224,2.2399999999999998
46,212,2.12
103,202,2.02
64,168,1.68
218,165,1.6500000000000001
217,163,1.63
170,145,1.4500000000000002
214,139,1.39
172,136,1.3599999999999999
56,136,1.3599999999999999
68,115,1.15
231,108,1.08
72,103,1.03
115,103,1.03
70,100,1.0
60,97,0.97
126,95,0.95
58,88,0.88
16,85,0.8500000000000001
51,74,0.74
262,69,0.69
113,62,0.62
239,61,0.61
107,59,0.59
118,54,0.54
210,50,0.5
44,49,0.49
102,46,0.45999999999999996
246,45,0.44999999999999996
52,45,0.44999999999999996
222,42,0.42
49,41,0.41000000000000003
266,40,0.4
71,40,0.4
219,38,0.38
162,37,0.37
106,37,0.37
55,33,0.33
253,32,0.32
223,31,0.31
215,30,0.3
69,29,0.29
211,26,0.26
224,24,0.24
81,23,0.22999999999999998
66,23,0.22999999999999998
225,23,0.22999999999999998
83,23,0.22999999999999998
277,22,0.22
229,22,0.22
179,21,0.21
34,21,0.21
236,19,0.19
80,19,0.19
140,17,0.16999999999999998
139,17,0.16999999999999998
226,16,0.16
7,16,0.16
221,14,0.13999999999999999
63,13,0.13
216,13,0.13
77,13,0.13
97,13,0.13
8,12,0.12
73,10,0.1
202,10,0.1
228,9,0.09
230,9,0.09
168,9,0.09
10,8,0.08
235,8,0.08
61,8,0.08
67,8,0.08
76,7,0.06999999999999999
9,7,0.06999999999999999
114,6,0.06
234,6,0.06
32,5,0.05
94,5,0.05
14,5,0.05
125,5,0.05
232,5,0.05
17,4,0.04
5,4,0.04
15,4,0.04
263,4,0.04
26,3,0.03
45,3,0.03
6,3,0.03
91,3,0.03
65,3,0.03
36,3,0.03
116,3,0.03
19,3,0.03
82,3,0.03
178,2,0.02
90,2,0.02
79,2,0.02
96,2,0.02
105,2,0.02
129,2,0.02
269,2,0.02
121,2,0.02
22,2,0.02
59,1,0.01
95,1,0.01
238,1,0.01
176,1,0.01
160,1,0.01
135,1,0.01
154,1,0.01
92,1,0.01
147,1,0.01
237,1,0.01
43,1,0.01
199,1,0.01
2,1,0.01
101,1,0.01
198,1,0.01
35,1,0.01
93,1,0.01
13,1,0.01
132,1,0.01
265,1,0.01
283,1,0.01
12,1,0.01
11,1,0.01
