OsBuild,Count,Percentage
17134,4468,44.68
16299,2766,27.66
15063,856,8.559999999999999
14393,818,8.18
10586,466,4.66
10240,297,2.97
9600,203,2.03
7601,99,0.9900000000000001
17751,4,0.04
17738,3,0.03
17744,3,0.03
17755,3,0.03
17713,3,0.03
17692,2,0.02
17730,1,0.01
17733,1,0.01
17746,1,0.01
17735,1,0.01
17754,1,0.01
17741,1,0.01
17740,1,0.01
17672,1,0.01
17758,1,0.01
