Platform,Count,Percentage
windows10,9684,96.84
windows8,203,2.03
windows7,99,0.9900000000000001
windows2016,14,0.13999999999999999
