ProductName,Count,Percentage
win8defender,9901,99.00999999999999
mse,99,0.9900000000000001
