SmartScreen,Count,Percentage
RequireAdmin,4830,48.3
ExistsNotSet,1154,11.540000000000001
Off,189,1.8900000000000001
Warn,147,1.47
Prompt,38,0.38
Block,36,0.36
off,1,0.01
On,1,0.01
