Category,Frequency,Percentage,Target_Mean
4.18.1807.18075,5878,58.78,0.5319836679142566
4.18.1806.18062,934,9.34,0.49464668094218417
4.12.16299.15,370,3.6999999999999997,0.4972972972972973
4.13.17134.1,294,2.94,0.5680272108843537
4.10.209.0,287,2.87,0.519163763066202
4.16.17656.18052,246,2.46,0.3089430894308943
4.13.17134.228,244,2.44,0.3770491803278688
4.9.10586.1106,225,2.25,0.49333333333333335
4.8.10240.17443,214,2.1399999999999997,0.5046728971962616
4.14.17639.18041,211,2.11,0.2938388625592417
4.10.14393.0,85,0.8500000000000001,0.5294117647058824
4.11.15063.0,72,0.72,0.5416666666666666
4.12.17007.18011,71,0.7100000000000001,0.4647887323943662
4.8.10240.16384,61,0.61,0.4918032786885246
4.10.14393.1794,59,0.59,0.4745762711864407
4.14.17613.18039,57,0.5700000000000001,0.2631578947368421
4.11.15063.1155,55,0.5499999999999999,0.41818181818181815
4.9.10586.494,25,0.25,0.52
4.10.14393.1198,24,0.24,0.5
4.9.10586.672,22,0.22,0.4090909090909091
4.18.1809.2,20,0.2,0.3
4.13.17134.191,19,0.19,0.3157894736842105
4.9.10586.589,16,0.16,0.5625
4.10.14393.1613,16,0.16,0.75
4.13.17134.112,14,0.13999999999999999,0.6428571428571429
4.12.17007.17123,13,0.13,0.38461538461538464
4.9.10586.1045,11,0.11,0.18181818181818182
4.9.10586.839,11,0.11,0.45454545454545453
4.10.14393.1593,9,0.09,0.3333333333333333
4.8.10240.17946,7,0.06999999999999999,0.2857142857142857
4.9.10586.962,7,0.06999999999999999,0.5714285714285714
4.10.14393.953,6,0.06,0.5
4.9.10586.916,6,0.06,0.8333333333333334
4.10.14393.1066,5,0.05,0.4
4.8.207.0,5,0.05,0.0
4.9.10586.965,4,0.04,1.0
4.9.218.0,4,0.04,0.0
4.10.14393.2273,3,0.03,0.6666666666666666
4.8.10240.17319,3,0.03,0.3333333333333333
4.8.10240.17889,2,0.02,0.5
4.8.10240.17113,2,0.02,0.5
4.8.10240.17354,2,0.02,0.0
4.8.10240.17914,2,0.02,1.0
4.9.10586.873,2,0.02,1.0
4.6.305.0,2,0.02,0.5
4.10.205.0,2,0.02,0.5
4.13.17134.319,2,0.02,0.5
4.18.1807.18072,1,0.01,0.0
4.4.304.0,1,0.01,1.0
4.8.204.0,1,0.01,0.0
4.8.10240.17202,1,0.01,1.0
4.8.10240.17071,1,0.01,0.0
4.8.10240.17861,1,0.01,0.0
4.8.10240.17184,1,0.01,1.0
4.14.17613.18038,1,0.01,1.0
