Category,Frequency,Percentage,Target_Mean
Notebook,5851,58.51,0.5091437361134848
Desktop,2163,21.63,0.5339805825242718
Laptop,769,7.6899999999999995,0.4928478543563069
Portable,382,3.82,0.4607329842931937
AllinOne,232,2.32,0.4827586206896552
Other,86,0.86,0.2441860465116279
Convertible,84,0.84,0.5357142857142857
UNKNOWN,79,0.79,0.35443037974683544
MiniTower,75,0.75,0.6
Detachable,67,0.67,0.31343283582089554
HandHeld,56,0.5599999999999999,0.23214285714285715
LowProfileDesktop,48,0.48,0.5625
SpaceSaving,34,0.33999999999999997,0.5588235294117647
Tablet,20,0.2,0.5
Tower,15,0.15,0.4
Unknown,11,0.11,0.45454545454545453
MainServerChassis,9,0.09,0.2222222222222222
MiniPC,8,0.08,0.25
LunchBox,4,0.04,0.75
RackMountChassis,4,0.04,0.25
SubNotebook,1,0.01,0.0
30,1,0.01,0.0
StickPC,1,0.01,1.0
