Category,Frequency,Percentage,Target_Mean
HDD,6441,64.41,0.5098587175904362
SSD,2812,28.12,0.5024893314366998
UNKNOWN,405,4.05,0.4765432098765432
Unspecified,326,3.26,0.46932515337423314
mode,16,0.16,0.4375
mode,16,0.16,0.4375
