Category,Frequency,Percentage,Target_Mean
Mobile,6873,68.73,0.5066201076676852
Desktop,2389,23.89,0.5253244035161155
Slate,541,5.41,0.3807763401109057
Workstation,108,1.08,0.5833333333333334
SOHOServer,43,0.43,0.6046511627906976
UNKNOWN,30,0.3,0.4666666666666667
AppliancePC,8,0.08,0.125
EnterpriseServer,8,0.08,0.375
SOHOServer,43,0.43,0.6046511627906976
UNKNOWN,30,0.3,0.4666666666666667
AppliancePC,8,0.08,0.125
EnterpriseServer,8,0.08,0.375
