Category,Frequency,Percentage,Target_Mean
Retail,9364,93.64,0.506193934216147
NOT_SET,327,3.27,0.5076452599388379
Unknown,268,2.68,0.47761194029850745
WIS,14,0.13999999999999999,0.35714285714285715
WIF,13,0.13,0.46153846153846156
RP,10,0.1,0.4
Disabled,4,0.04,0.25
WIS,14,0.13999999999999999,0.35714285714285715
WIF,13,0.13,0.46153846153846156
RP,10,0.1,0.4
Disabled,4,0.04,0.25
