Category,Frequency,Percentage,Target_Mean
Core,3874,38.74,0.4674754775425916
Professional,3620,36.199999999999996,0.5256906077348066
CoreSingleLanguage,2106,21.060000000000002,0.5427350427350427
CoreCountrySpecific,177,1.77,0.4915254237288136
ProfessionalEducation,67,0.67,0.43283582089552236
Education,51,0.51,0.5882352941176471
Enterprise,31,0.31,0.5483870967741935
EnterpriseS,26,0.26,0.46153846153846156
ProfessionalN,21,0.21,0.5238095238095238
ServerStandard,12,0.12,0.25
ProfessionalEducation,67,0.67,0.43283582089552236
Education,51,0.51,0.5882352941176471
Enterprise,31,0.31,0.5483870967741935
EnterpriseS,26,0.26,0.46153846153846156
ProfessionalN,21,0.21,0.5238095238095238
ServerStandard,12,0.12,0.25
Cloud,7,0.06999999999999999,0.14285714285714285
CoreN,4,0.04,0.5
ServerStandardEval,2,0.02,0.0
EnterpriseSN,1,0.01,1.0
EducationN,1,0.01,0.0
