Category,Frequency,Percentage,Target_Mean
Retail,5290,52.900000000000006,0.4911153119092628
OEM:DM,3831,38.31,0.5090054815974941
Volume:GVLK,492,4.92,0.5914634146341463
OEM:NONSLP,367,3.6700000000000004,0.553133514986376
Volume:MAK,18,0.18,0.4444444444444444
Retail:TB:Eval,2,0.02,0.0
