Category,Frequency,Percentage,Target_Mean
rs4_release,4560,45.6,0.5276315789473685
rs3_release,1364,13.639999999999999,0.47947214076246336
rs3_release_svc_escrow,1329,13.29,0.5116629044394282
rs1_release,876,8.76,0.4828767123287671
rs2_release,864,8.64,0.4513888888888889
th2_release,386,3.8600000000000003,0.5103626943005182
th2_release_sec,288,2.88,0.4791666666666667
th1_st1,222,2.22,0.49099099099099097
th1,75,0.75,0.5066666666666667
rs5_release,24,0.24,0.375
rs3_release_svc_escrow_im,9,0.09,0.5555555555555556
rs_prerelease_flt,2,0.02,0.5
rs_prerelease,1,0.01,0.0
