Category,Frequency,Percentage,Target_Mean
Windows.Desktop,9986,99.86,0.5054075705988383
Windows.Server,14,0.13999999999999999,0.21428571428571427
