Category,Frequency,Percentage,Target_Mean
FullAuto,4467,44.67,0.5227221849115737
UNKNOWN,2789,27.889999999999997,0.5008963786303334
Notify,2276,22.759999999999998,0.48945518453427067
AutoInstallAndRebootAtMaintenanceTime,424,4.24,0.44575471698113206
Off,30,0.3,0.4
DownloadNotify,14,0.13999999999999999,0.21428571428571427
Off,30,0.3,0.4
DownloadNotify,14,0.13999999999999999,0.21428571428571427
