Category,Frequency,Percentage,Target_Mean
CORE,3875,38.75,0.4673548387096774
PROFESSIONAL,3686,36.86,0.5241454150841021
CORE_SINGLELANGUAGE,2106,21.060000000000002,0.5427350427350427
CORE_COUNTRYSPECIFIC,177,1.77,0.4915254237288136
EDUCATION,51,0.51,0.5882352941176471
ENTERPRISE,31,0.31,0.5483870967741935
ENTERPRISE_S,26,0.26,0.46153846153846156
PROFESSIONAL_N,21,0.21,0.5238095238095238
STANDARD_SERVER,12,0.12,0.25
CLOUD,7,0.06999999999999999,0.14285714285714285
EDUCATION,51,0.51,0.5882352941176471
ENTERPRISE,31,0.31,0.5483870967741935
ENTERPRISE_S,26,0.26,0.46153846153846156
PROFESSIONAL_N,21,0.21,0.5238095238095238
STANDARD_SERVER,12,0.12,0.25
CLOUD,7,0.06999999999999999,0.14285714285714285
CORE_N,4,0.04,0.5
STANDARD_EVALUATION_SERVER,2,0.02,0.0
ENTERPRISE_S_N,1,0.01,1.0
EDUCATION_N,1,0.01,0.0
