Category,Frequency,Percentage,Target_Mean
Notebook,6395,63.949999999999996,0.5086786551993745
Desktop,2238,22.38,0.5361930294906166
Convertible,421,4.21,0.501187648456057
AllInOne,343,3.4299999999999997,0.4752186588921283
Detachable,332,3.32,0.3614457831325301
PCOther,155,1.55,0.4838709677419355
LargeTablet,65,0.65,0.27692307692307694
SmallTablet,36,0.36,0.19444444444444445
SmallServer,12,0.12,0.25
MediumServer,2,0.02,0.0
LargeServer,1,0.01,0.0
