Category,Frequency,Percentage,Target_Mean
Unknown,9958,99.58,0.5047198232576823
mid,26,0.26,0.6153846153846154
low,11,0.11,0.45454545454545453
high,5,0.05,0.6
