Category,Frequency,Percentage,Target_Mean
amd64,9087,90.86999999999999,0.5145812699460768
x86,911,9.11,0.4105378704720088
arm64,2,0.02,0.0
