Category,Frequency,Percentage,Target_Mean
Unknown,7120,71.2,0.508567415730337
lion,2261,22.61,0.4900486510393631
li-i,291,2.91,0.4845360824742268
#,202,2.02,0.5693069306930693
lip,66,0.66,0.5303030303030303
liio,32,0.32,0.53125
li p,9,0.09,0.4444444444444444
li,5,0.05,0.6
nimh,5,0.05,0.4
vbox,3,0.03,0.0
real,2,0.02,0.5
pbac,2,0.02,1.0
unkn,1,0.01,0.0
bq20,1,0.01,1.0
