Category,Frequency,Percentage,Target_Mean
UUPUpgrade,2988,29.880000000000003,0.5194109772423026
IBSClean,1822,18.22,0.539517014270033
Update,1728,17.28,0.47453703703703703
Upgrade,1396,13.96,0.4892550143266476
Other,972,9.719999999999999,0.49176954732510286
Reset,716,7.16,0.4958100558659218
Refresh,248,2.48,0.45161290322580644
Clean,78,0.7799999999999999,0.5256410256410257
CleanPCRefresh,52,0.52,0.5
Clean,78,0.7799999999999999,0.5256410256410257
CleanPCRefresh,52,0.52,0.5
