Category,Frequency,Percentage,Target_Mean
IS_GENUINE,8852,88.52,0.5082467239042024
INVALID_LICENSE,874,8.74,0.45537757437070936
OFFLINE,254,2.54,0.5748031496062992
UNKNOWN,20,0.2,0.35
UNKNOWN,20,0.2,0.35
