Category,Frequency,Percentage,Target_Mean
1.1.15200.1,4361,43.61,0.5012611786287549
1.1.15100.1,4139,41.39,0.5535153418700169
1.1.15000.2,275,2.75,0.3527272727272727
1.1.14901.4,206,2.06,0.30097087378640774
1.1.14600.4,167,1.67,0.4311377245508982
1.1.15300.6,153,1.53,0.5032679738562091
1.1.14800.3,143,1.43,0.24475524475524477
1.1.14104.0,87,0.8699999999999999,0.40229885057471265
1.1.13504.0,81,0.8099999999999999,0.4567901234567901
1.1.15300.5,74,0.74,0.44594594594594594
1.1.14104.0,87,0.8699999999999999,0.40229885057471265
1.1.13504.0,81,0.8099999999999999,0.4567901234567901
1.1.15300.5,74,0.74,0.44594594594594594
1.1.14500.5,54,0.54,0.35185185185185186
1.1.14700.5,49,0.49,0.5102040816326531
1.1.14405.2,49,0.49,0.32653061224489793
1.1.14306.0,36,0.36,0.4166666666666667
1.1.13303.0,22,0.22,0.5454545454545454
1.1.14202.0,15,0.15,0.3333333333333333
1.1.13804.0,13,0.13,0.23076923076923078
1.1.13601.0,12,0.12,0.4166666666666667
1.1.13407.0,10,0.1,0.2
1.1.14003.0,9,0.09,0.3333333333333333
1.1.13903.0,8,0.08,0.5
1.1.15000.1,5,0.05,0.8
1.1.13704.0,4,0.04,0.25
1.1.14305.0,4,0.04,0.5
1.1.13202.0,4,0.04,0.5
1.1.12902.0,4,0.04,0.0
1.1.13103.0,3,0.03,0.6666666666666666
1.1.13701.0,3,0.03,0.0
1.1.14700.3,2,0.02,0.5
1.1.13000.0,2,0.02,0.0
1.1.12805.0,1,0.01,1.0
1.1.14901.3,1,0.01,1.0
1.1.14002.0,1,0.01,1.0
1.1.14103.0,1,0.01,1.0
1.1.14700.4,1,0.01,0.0
1.1.14800.1,1,0.01,0.0
