Category,Frequency,Percentage,Target_Mean
rs4,4468,44.68,0.5246195165622203
rs3,2766,27.66,0.49783080260303686
rs2,856,8.559999999999999,0.45210280373831774
rs1,818,8.18,0.48655256723716384
th2,466,4.66,0.5064377682403434
th1,297,2.97,0.494949494949495
windows8.1,203,2.03,0.49261083743842365
windows7,99,0.9900000000000001,0.5252525252525253
prers5,27,0.27,0.3333333333333333
windows7,99,0.9900000000000001,0.5252525252525253
prers5,27,0.27,0.3333333333333333
