Category,Frequency,Percentage,Target_Mean
10.0.0.0,9698,96.98,0.5050525881625078
6.3.0.0,203,2.03,0.49261083743842365
6.1.1.0,99,0.9900000000000001,0.5252525252525253
