Category,Frequency,Percentage,Target_Mean
windows10,9684,96.84,0.5054729450640232
windows8,203,2.03,0.49261083743842365
windows7,99,0.9900000000000001,0.5252525252525253
windows2016,14,0.13999999999999999,0.21428571428571427
windows7,99,0.9900000000000001,0.5252525252525253
windows2016,14,0.13999999999999999,0.21428571428571427
