Category,Frequency,Percentage,Target_Mean
x64,9095,90.95,0.514678394722375
x86,903,9.030000000000001,0.40863787375415284
arm64,2,0.02,0.0
