Category,Frequency,Percentage,Target_Mean
win8defender,9901,99.00999999999999,0.5047974952025048
mse,99,0.9900000000000001,0.5252525252525253
mse,99,0.9900000000000001,0.5252525252525253
