Category,Frequency,Percentage,Target_Mean
Home,6081,60.809999999999995,0.49366880447294853
Pro,3727,37.269999999999996,0.523209015293802
Invalid,77,0.77,0.5064935064935064
Education,49,0.49,0.5714285714285714
Enterprise,31,0.31,0.5483870967741935
Enterprise LTSB,27,0.27,0.48148148148148145
Cloud,6,0.06,0.16666666666666666
Server,2,0.02,0.0
Invalid,77,0.77,0.5064935064935064
Education,49,0.49,0.5714285714285714
Enterprise,31,0.31,0.5483870967741935
Enterprise LTSB,27,0.27,0.48148148148148145
Cloud,6,0.06,0.16666666666666666
Server,2,0.02,0.0
