Category,Frequency,Percentage,Target_Mean
RequireAdmin,4830,48.3,0.4380952380952381
Unknown,3604,36.04,0.4897336293007769
ExistsNotSet,1154,11.540000000000001,0.8188908145580589
Off,189,1.8900000000000001,0.5132275132275133
Warn,147,1.47,0.5782312925170068
Prompt,38,0.38,0.5
Block,36,0.36,0.5833333333333334
off,1,0.01,1.0
On,1,0.01,1.0
