Feature,Missing Percentage (%),Correlation with Target,Missing Values Correlation with Target
PuaMode,99.96000000000001,,-0.020004001200400173
Census_ProcessorClass,99.65,,-0.008466371684602004
DefaultBrowsersIdentifier,95.13000000000001,-0.004279497275929147,0.019048493223056427
Census_IsFlightingInternal,83.22,,-0.003746434996878803
Census_InternalBatteryType,71.45,,0.012177510610126585
Census_ThresholdOptIn,63.949999999999996,-0.016764031078177807,-0.004790214125557409
Census_IsWIMBootEnabled,63.82,,-0.005410789851372302
