{
    "Census_InternalBatteryNumberOfCharges": 0.023961394460755642,
    "Census_IsWIMBootEnabled": 0.019411914313980382,
    "Census_ThresholdOptIn": 0.017945696948365456,
    "UacLuaenable": 0.016374855405012947,
    "Census_PrimaryDiskTotalCapacity": 0.0153310947940552,
    "Census_SystemVolumeTotalCapacity": 0.0153310947940552,
    "Census_ProcessorModelIdentifier": 0.014444776478709344,
    "Census_ProcessorManufacturerIdentifier": 0.014444776478709344,
    "Census_ProcessorCoreCount": 0.014444776478709344,
    "Census_IsAlwaysOnAlwaysConnectedCapable": 0.012754623990792602,
    "DefaultBrowsersIdentifier": 0.012600456983612266,
    "Census_IsVirtualDevice": 0.011725026968916016,
    "Wdft_IsGamer": 0.01150613431378711,
    "Wdft_RegionIdentifier": 0.01150613431378711,
    "Census_InternalBatteryType": 0.011218871854350951,
    "Census_IsFlightsDisabled": 0.010466262582875484,
    "Census_IsFlightingInternal": 0.010114148293273013,
    "Firewall": 0.009271483162090257,
    "IeVerIdentifier": 0.004926230813996638,
    "OrganizationIdentifier": 0.0029862021413181498,
    "Census_OSInstallLanguageIdentifier": 0.0026667182434183165,
    "Census_OEMModelIdentifier": -0.0001406940456280035,
    "Census_TotalPhysicalRAM": -0.0009636573329719111,
    "Census_OEMNameIdentifier": -0.0029967380795171087,
    "CityIdentifier": -0.00355896096364422,
    "Census_PrimaryDiskTypeName": -0.005404595427449145,
    "RtpStateBitfield": -0.0074560969322281035,
    "Census_ProcessorClass": -0.008628696796130432,
    "Census_FirmwareVersionIdentifier": -0.01398949554095004,
    "Census_FirmwareManufacturerIdentifier": -0.016939620586855445,
    "PuaMode": -0.01715073322734818,
    "IsProtected": -0.01883435422041475,
    "AVProductsEnabled": -0.01883435422041475,
    "AVProductsInstalled": -0.01883435422041475,
    "AVProductStatesIdentifier": -0.01883435422041475,
    "Census_InternalPrimaryDiagonalDisplaySizeInInches": -0.020558582900086372,
    "Census_InternalPrimaryDisplayResolutionHorizontal": -0.020558582900086372,
    "Census_InternalPrimaryDisplayResolutionVertical": -0.020558582900086372,
    "SmartScreen": -0.02292058399416722,
    "SMode": -0.05230940037752553
}