{
    "AVProductStatesIdentifier": 0.11930970199798743,
    "Wdft_IsGamer": 0.06517681206623495,
    "Census_TotalPhysicalRAM": 0.05927545592709143,
    "Census_InternalPrimaryDiagonalDisplaySizeInInches": 0.058816880389242585,
    "IsProtected": 0.049925067734189664,
    "Census_ProcessorCoreCount": 0.04612370181248646,
    "RtpStateBitfield": 0.044306743771991314,
    "Census_InternalBatteryNumberOfCharges": 0.043202586184363394,
    "Census_PrimaryDiskTotalCapacity": 0.03597894860764367,
    "IeVerIdentifier": 0.02769205181438735,
    "Census_InternalPrimaryDisplayResolutionHorizontal": 0.026697053385421426,
    "LocaleEnglishNameIdentifier": 0.02306334977643914,
    "Census_OSInstallLanguageIdentifier": 0.018194374127138698,
    "Census_HasOpticalDiskDrive": 0.017612887014993285,
    "Census_OSUILocaleIdentifier": 0.016699281079824622,
    "OrganizationIdentifier": 0.014064526545525508,
    "Census_ProcessorModelIdentifier": 0.013852708143522194,
    "Census_InternalPrimaryDisplayResolutionVertical": 0.010093569180412033,
    "AutoSampleOptIn": 0.010000500037503177,
    "Census_OSBuildNumber": 0.00999334710430752,
    "UacLuaenable": 0.00984288713525894,
    "CountryIdentifier": 0.00859976196388319,
    "Census_SystemVolumeTotalCapacity": 0.007775095469681093,
    "GeoNameIdentifier": 0.00553370311550458,
    "OsBuild": 0.004435727184083369,
    "Census_IsPortableOperatingSystem": 0.0037809683006630396,
    "Census_OEMNameIdentifier": -0.0008052255627558604,
    "Census_IsPenCapable": -0.0015710555541420764,
    "HasTpm": -0.002789869738582747,
    "Census_OSBuildRevision": -0.004139032252072052,
    "DefaultBrowsersIdentifier": -0.004279497275929147,
    "CityIdentifier": -0.004477193718664412,
    "Census_ProcessorManufacturerIdentifier": -0.005286556192407574,
    "Census_FirmwareVersionIdentifier": -0.008457280669941872,
    "Firewall": -0.0113746615436747,
    "Census_IsSecureBootEnabled": -0.01540393435919932,
    "Census_ThresholdOptIn": -0.016764031078177807,
    "Census_OEMModelIdentifier": -0.018033745173075977,
    "SMode": -0.0180716670006341,
    "Wdft_RegionIdentifier": -0.01833835099379534,
    "Census_FirmwareManufacturerIdentifier": -0.029244435743673695,
    "IsSxsPassiveMode": -0.039776043765127736,
    "OsSuite": -0.04274755567836127,
    "Census_IsTouchEnabled": -0.046597194926065386,
    "Census_IsVirtualDevice": -0.04883610229999337,
    "AVProductsEnabled": -0.05509271028645483,
    "Census_IsAlwaysOnAlwaysConnectedCapable": -0.07195451863253727,
    "AVProductsInstalled": -0.15673577304960185,
    "IsBeta": NaN,
    "Census_IsFlightingInternal": NaN,
    "Census_IsFlightsDisabled": NaN,
    "Census_IsWIMBootEnabled": NaN
}