AppVersion,Count,Percentage
4.18.1807.18075,5878,58.78
4.18.1806.18062,934,9.34
4.12.16299.15,370,3.6999999999999997
4.13.17134.1,294,2.94
4.10.209.0,287,2.87
4.16.17656.18052,246,2.46
4.13.17134.228,244,2.44
4.9.10586.1106,225,2.25
4.8.10240.17443,214,2.1399999999999997
4.14.17639.18041,211,2.11
4.9.10586.0,137,1.37
4.12.17007.18022,120,1.2
4.11.15063.447,106,1.06
4.10.14393.0,85,0.8500000000000001
4.11.15063.0,72,0.72
4.12.17007.18011,71,0.7100000000000001
4.8.10240.16384,61,0.61
4.10.14393.1794,59,0.59
4.14.17613.18039,57,0.5700000000000001
4.11.15063.1155,55,0.5499999999999999
4.9.10586.494,25,0.25
4.10.14393.1198,24,0.24
4.9.10586.672,22,0.22
4.18.1809.2,20,0.2
4.13.17134.191,19,0.19
4.9.10586.589,16,0.16
4.10.14393.1613,16,0.16
4.13.17134.112,14,0.13999999999999999
4.12.17007.17123,13,0.13
4.9.10586.1045,11,0.11
4.9.10586.839,11,0.11
4.10.14393.1593,9,0.09
4.8.10240.17946,7,0.06999999999999999
4.9.10586.962,7,0.06999999999999999
4.10.14393.953,6,0.06
4.9.10586.916,6,0.06
4.10.14393.1066,5,0.05
4.8.207.0,5,0.05
4.9.10586.965,4,0.04
4.9.218.0,4,0.04
4.10.14393.2273,3,0.03
4.8.10240.17319,3,0.03
4.8.10240.17889,2,0.02
4.8.10240.17113,2,0.02
4.8.10240.17354,2,0.02
4.8.10240.17914,2,0.02
4.9.10586.873,2,0.02
4.6.305.0,2,0.02
4.10.205.0,2,0.02
4.13.17134.319,2,0.02
4.18.1807.18072,1,0.01
4.4.304.0,1,0.01
4.8.204.0,1,0.01
4.8.10240.17202,1,0.01
4.8.10240.17071,1,0.01
4.8.10240.17861,1,0.01
4.8.10240.17184,1,0.01
4.14.17613.18038,1,0.01
