Census_ProcessorCoreCount,Count,Percentage
4.0,6039,60.39
2.0,2552,25.52
8.0,1033,10.33
12.0,116,1.16
6.0,94,0.9400000000000001
1.0,83,0.83
3.0,17,0.16999999999999998
16.0,15,0.15
20.0,5,0.05
32.0,2,0.02
