Census_OSInstallTypeName,Count,Percentage
UUPUpgrade,2988,29.880000000000003
IBSClean,1822,18.22
Update,1728,17.28
Upgrade,1396,13.96
Other,972,9.719999999999999
Reset,716,7.16
Refresh,248,2.48
Clean,78,0.7799999999999999
CleanPCRefresh,52,0.52
