Census_OSInstallLanguageIdentifier,Count,Percentage
8.0,3540,35.4
9.0,1120,11.200000000000001
7.0,591,5.91
29.0,590,5.8999999999999995
14.0,473,4.73
37.0,443,4.43
10.0,418,4.18
26.0,333,3.3300000000000005
5.0,289,2.8899999999999997
39.0,260,2.6
18.0,232,2.32
20.0,221,2.21
35.0,217,2.17
24.0,162,1.6199999999999999
25.0,141,1.41
27.0,123,1.23
17.0,97,0.97
19.0,95,0.95
1.0,87,0.8699999999999999
3.0,71,0.7100000000000001
15.0,54,0.54
33.0,54,0.54
6.0,50,0.5
4.0,42,0.42
30.0,40,0.4
23.0,33,0.33
16.0,20,0.2
31.0,20,0.2
2.0,19,0.19
36.0,17,0.16999999999999998
12.0,17,0.16999999999999998
28.0,12,0.12
34.0,11,0.11
13.0,9,0.09
22.0,7,0.06999999999999999
21.0,6,0.06
11.0,6,0.06
32.0,5,0.05
38.0,2,0.02
