Census_InternalPrimaryDisplayResolutionHorizontal,Count,Percentage
1366.0,5026,50.260000000000005
1920.0,2537,25.369999999999997
1600.0,612,6.12
1280.0,560,5.6000000000000005
1024.0,391,3.91
1440.0,168,1.68
1680.0,126,1.26
1360.0,123,1.23
2560.0,76,0.76
2736.0,61,0.61
3840.0,51,0.51
2160.0,43,0.43
800.0,43,0.43
3200.0,20,0.2
2880.0,12,0.12
1152.0,10,0.1
3000.0,9,0.09
1080.0,8,0.08
1368.0,7,0.06999999999999999
2256.0,7,0.06999999999999999
1200.0,7,0.06999999999999999
2048.0,5,0.05
640.0,5,0.05
4096.0,4,0.04
768.0,4,0.04
3440.0,4,0.04
720.0,3,0.03
5120.0,2,0.02
1400.0,2,0.02
1776.0,2,0.02
3360.0,2,0.02
5760.0,2,0.02
1050.0,2,0.02
1842.0,2,0.02
1800.0,1,0.01
2304.0,1,0.01
1364.0,1,0.01
2426.0,1,0.01
1626.0,1,0.01
1239.0,1,0.01
1248.0,1,0.01
1288.0,1,0.01
1824.0,1,0.01
1827.0,1,0.01
1176.0,1,0.01
1768.0,1,0.01
3240.0,1,0.01
1352.0,1,0.01
