Census_InternalPrimaryDisplayResolutionVertical,Count,Percentage
768.0,5529,55.28999999999999
1080.0,2454,24.54
900.0,764,7.64
800.0,272,2.7199999999999998
1024.0,195,1.95
1050.0,124,1.24
1440.0,97,0.97
1200.0,93,0.9299999999999999
600.0,73,0.73
1824.0,61,0.61
2160.0,55,0.5499999999999999
720.0,48,0.48
1280.0,42,0.42
1800.0,31,0.31
1920.0,16,0.16
1600.0,12,0.12
960.0,12,0.12
864.0,9,0.09
2000.0,9,0.09
1504.0,7,0.06999999999999999
480.0,7,0.06999999999999999
1152.0,4,0.04
2880.0,3,0.03
1680.0,2,0.02
984.0,2,0.02
2100.0,2,0.02
945.0,2,0.02
663.0,2,0.02
983.0,2,0.02
1000.0,2,0.02
1026.0,2,0.02
1366.0,2,0.02
1003.0,1,0.01
654.0,1,0.01
636.0,1,0.01
918.0,1,0.01
648.0,1,0.01
634.0,1,0.01
1329.0,1,0.01
880.0,1,0.01
1036.0,1,0.01
664.0,1,0.01
1536.0,1,0.01
992.0,1,0.01
853.0,1,0.01
2304.0,1,0.01
622.0,1,0.01
