DefaultBrowsersIdentifier,Count,Percentage
239.0,50,0.5
3195.0,40,0.4
1632.0,35,0.35000000000000003
146.0,29,0.29
1910.0,21,0.21
1727.0,21,0.21
1536.0,20,0.2
3176.0,17,0.16999999999999998
1078.0,15,0.15
2064.0,15,0.15
2725.0,12,0.12
1160.0,12,0.12
1823.0,10,0.1
1623.0,10,0.1
2273.0,9,0.09
788.0,9,0.09
2168.0,8,0.08
2434.0,7,0.06999999999999999
1616.0,7,0.06999999999999999
614.0,7,0.06999999999999999
890.0,6,0.06
2290.0,6,0.06
139.0,5,0.05
2169.0,5,0.05
2388.0,5,0.05
1622.0,5,0.05
2170.0,4,0.04
2726.0,4,0.04
773.0,4,0.04
1719.0,3,0.03
1079.0,3,0.03
1950.0,3,0.03
1066.0,3,0.03
1161.0,3,0.03
1628.0,3,0.03
1926.0,3,0.03
3000.0,2,0.02
2724.0,2,0.02
2987.0,2,0.02
1233.0,2,0.02
1687.0,2,0.02
311.0,2,0.02
168.0,2,0.02
2603.0,1,0.01
1918.0,1,0.01
1118.0,1,0.01
355.0,1,0.01
223.0,1,0.01
510.0,1,0.01
983.0,1,0.01
230.0,1,0.01
2189.0,1,0.01
1991.0,1,0.01
1870.0,1,0.01
2595.0,1,0.01
2403.0,1,0.01
2501.0,1,0.01
243.0,1,0.01
1762.0,1,0.01
1241.0,1,0.01
10.0,1,0.01
48.0,1,0.01
1266.0,1,0.01
508.0,1,0.01
1952.0,1,0.01
224.0,1,0.01
2182.0,1,0.01
2521.0,1,0.01
1184.0,1,0.01
2847.0,1,0.01
351.0,1,0.01
2452.0,1,0.01
597.0,1,0.01
125.0,1,0.01
2460.0,1,0.01
1874.0,1,0.01
2373.0,1,0.01
260.0,1,0.01
1350.0,1,0.01
886.0,1,0.01
869.0,1,0.01
221.0,1,0.01
