EngineVersion,Count,Percentage
1.1.15200.1,4361,43.61
1.1.15100.1,4139,41.39
1.1.15000.2,275,2.75
1.1.14901.4,206,2.06
1.1.14600.4,167,1.67
1.1.15300.6,153,1.53
1.1.14800.3,143,1.43
1.1.14104.0,87,0.8699999999999999
1.1.13504.0,81,0.8099999999999999
1.1.15300.5,74,0.74
1.1.14500.5,54,0.54
1.1.14700.5,49,0.49
1.1.14405.2,49,0.49
1.1.14306.0,36,0.36
1.1.13303.0,22,0.22
1.1.14202.0,15,0.15
1.1.13804.0,13,0.13
1.1.13601.0,12,0.12
1.1.13407.0,10,0.1
1.1.14003.0,9,0.09
1.1.13903.0,8,0.08
1.1.15000.1,5,0.05
1.1.13704.0,4,0.04
1.1.14305.0,4,0.04
1.1.13202.0,4,0.04
1.1.12902.0,4,0.04
1.1.13103.0,3,0.03
1.1.13701.0,3,0.03
1.1.14700.3,2,0.02
1.1.13000.0,2,0.02
1.1.12805.0,1,0.01
1.1.14901.3,1,0.01
1.1.14002.0,1,0.01
1.1.14103.0,1,0.01
1.1.14700.4,1,0.01
1.1.14800.1,1,0.01
