IeVerIdentifier,Count,Percentage
137.0,4422,44.22
117.0,1941,19.41
111.0,549,5.489999999999999
108.0,536,5.36
98.0,438,4.38
135.0,227,2.27
74.0,224,2.2399999999999998
53.0,211,2.11
105.0,182,1.82
94.0,178,1.78
333.0,170,1.7000000000000002
107.0,135,1.35
103.0,112,1.1199999999999999
96.0,87,0.8699999999999999
76.0,80,0.8
41.0,46,0.45999999999999996
71.0,43,0.43
114.0,33,0.33
323.0,32,0.32
334.0,24,0.24
335.0,21,0.21
81.0,15,0.15
87.0,15,0.15
78.0,14,0.13999999999999999
337.0,14,0.13999999999999999
84.0,11,0.11
73.0,11,0.11
88.0,11,0.11
42.0,10,0.1
82.0,9,0.09
68.0,7,0.06999999999999999
92.0,7,0.06999999999999999
86.0,7,0.06999999999999999
302.0,6,0.06
91.0,6,0.06
85.0,6,0.06
44.0,5,0.05
72.0,4,0.04
327.0,4,0.04
190.0,4,0.04
185.0,3,0.03
180.0,3,0.03
295.0,3,0.03
169.0,3,0.03
196.0,3,0.03
309.0,3,0.03
50.0,3,0.03
332.0,2,0.02
326.0,2,0.02
64.0,2,0.02
51.0,2,0.02
331.0,2,0.02
65.0,2,0.02
325.0,2,0.02
336.0,2,0.02
90.0,2,0.02
163.0,2,0.02
46.0,2,0.02
288.0,1,0.01
181.0,1,0.01
176.0,1,0.01
77.0,1,0.01
194.0,1,0.01
313.0,1,0.01
186.0,1,0.01
315.0,1,0.01
287.0,1,0.01
153.0,1,0.01
305.0,1,0.01
317.0,1,0.01
174.0,1,0.01
312.0,1,0.01
318.0,1,0.01
49.0,1,0.01
45.0,1,0.01
63.0,1,0.01
290.0,1,0.01
308.0,1,0.01
48.0,1,0.01
321.0,1,0.01
311.0,1,0.01
324.0,1,0.01
199.0,1,0.01
