OsPlatformSubRelease,Count,Percentage
rs4,4468,44.68
rs3,2766,27.66
rs2,856,8.559999999999999
rs1,818,8.18
th2,466,4.66
th1,297,2.97
windows8.1,203,2.03
windows7,99,0.9900000000000001
prers5,27,0.27
