Wdft_RegionIdentifier,Count,Percentage
10.0,1926,19.259999999999998
11.0,1494,14.940000000000001
3.0,1490,14.899999999999999
1.0,1412,14.12
15.0,1201,12.01
7.0,708,7.08
8.0,298,2.98
13.0,253,2.53
5.0,220,2.1999999999999997
6.0,181,1.81
12.0,180,1.7999999999999998
4.0,149,1.49
9.0,91,0.91
2.0,84,0.84
14.0,4,0.04
